id,label
img_1.jpg,4
img_10.jpg,4
img_100.jpg,4
img_101.jpg,4
img_102.jpg,4
img_103.jpg,4
img_104.jpg,4
img_105.jpg,4
img_106.jpg,4
img_107.jpg,4
img_108.jpg,4
img_109.jpg,4
img_11.jpg,4
img_110.jpg,4
img_111.jpg,4
img_112.jpg,4
img_113.jpg,4
img_114.jpg,4
img_115.jpg,4
img_116.jpg,4
img_117.jpg,4
img_118.jpg,4
img_119.jpg,4
img_12.jpg,4
img_120.jpg,4
img_121.jpg,4
img_122.jpg,4
img_123.jpg,4
img_124.jpg,4
img_125.jpg,4
img_126.jpg,4
img_127.jpg,4
img_128.jpg,4
img_129.jpg,4
img_13.jpg,4
img_130.jpg,4
img_131.jpg,4
img_132.jpg,4
img_133.jpg,4
img_134.jpg,4
img_135.jpg,4
img_136.jpg,4
img_137.jpg,4
img_138.jpg,4
img_139.jpg,4
img_14.jpg,4
img_140.jpg,4
img_141.jpg,4
img_142.jpg,4
img_143.jpg,4
img_144.jpg,4
img_145.jpg,4
img_146.jpg,4
img_147.jpg,4
img_148.jpg,4
img_149.jpg,4
img_15.jpg,4
img_150.jpg,4
img_151.jpg,4
img_152.jpg,4
img_153.jpg,4
img_154.jpg,4
img_155.jpg,4
img_156.jpg,4
img_157.jpg,4
img_158.jpg,4
img_159.jpg,4
img_16.jpg,4
img_160.jpg,4
img_161.jpg,4
img_162.jpg,4
img_163.jpg,4
img_164.jpg,4
img_165.jpg,4
img_166.jpg,4
img_167.jpg,4
img_168.jpg,4
img_169.jpg,4
img_17.jpg,4
img_170.jpg,4
img_171.jpg,4
img_172.jpg,4
img_173.jpg,4
img_174.jpg,4
img_175.jpg,4
img_176.jpg,4
img_177.jpg,4
img_178.jpg,4
img_179.jpg,4
img_18.jpg,4
img_180.jpg,4
img_181.jpg,4
img_182.jpg,4
img_183.jpg,4
img_184.jpg,4
img_185.jpg,4
img_186.jpg,4
img_187.jpg,4
img_188.jpg,4
img_189.jpg,4
img_19.jpg,4
img_190.jpg,4
img_191.jpg,4
img_192.jpg,4
img_193.jpg,4
img_194.jpg,4
img_195.jpg,4
img_196.jpg,4
img_197.jpg,4
img_198.jpg,4
img_199.jpg,4
img_2.jpg,4
img_20.jpg,4
img_200.jpg,4
img_201.jpg,4
img_202.jpg,4
img_203.jpg,4
img_204.jpg,4
img_205.jpg,4
img_206.jpg,4
img_207.jpg,4
img_208.jpg,4
img_209.jpg,4
img_21.jpg,4
img_210.jpg,4
img_211.jpg,4
img_212.jpg,4
img_213.jpg,4
img_214.jpg,4
img_215.jpg,4
img_216.jpg,4
img_217.jpg,4
img_218.jpg,4
img_219.jpg,4
img_22.jpg,4
img_220.jpg,4
img_221.jpg,4
img_222.jpg,4
img_223.jpg,4
img_224.jpg,4
img_225.jpg,4
img_226.jpg,4
img_227.jpg,4
img_228.jpg,4
img_229.jpg,4
img_23.jpg,4
img_230.jpg,4
img_231.jpg,4
img_232.jpg,4
img_233.jpg,4
img_234.jpg,4
img_235.jpg,4
img_236.jpg,4
img_237.jpg,4
img_238.jpg,4
img_239.jpg,4
img_24.jpg,4
img_240.jpg,4
img_241.jpg,4
img_242.jpg,4
img_243.jpg,4
img_244.jpg,4
img_245.jpg,4
img_246.jpg,4
img_247.jpg,4
img_248.jpg,4
img_249.jpg,4
img_25.jpg,4
img_250.jpg,4
img_251.jpg,4
img_252.jpg,4
img_253.jpg,4
img_254.jpg,4
img_255.jpg,4
img_256.jpg,4
img_257.jpg,4
img_258.jpg,4
img_259.jpg,4
img_26.jpg,4
img_260.jpg,4
img_261.jpg,4
img_262.jpg,4
img_263.jpg,4
img_264.jpg,4
img_265.jpg,4
img_266.jpg,4
img_267.jpg,4
img_268.jpg,4
img_269.jpg,4
img_27.jpg,4
img_270.jpg,4
img_271.jpg,4
img_272.jpg,4
img_273.jpg,4
img_274.jpg,4
img_275.jpg,4
img_276.jpg,4
img_277.jpg,4
img_278.jpg,4
img_279.jpg,4
img_28.jpg,4
img_280.jpg,4
img_281.jpg,4
img_282.jpg,4
img_283.jpg,4
img_284.jpg,4
img_285.jpg,4
img_286.jpg,4
img_287.jpg,4
img_288.jpg,4
img_289.jpg,4
img_29.jpg,4
img_290.jpg,4
img_291.jpg,4
img_292.jpg,4
img_293.jpg,4
img_294.jpg,4
img_295.jpg,4
img_296.jpg,4
img_297.jpg,4
img_298.jpg,4
img_299.jpg,4
img_3.jpg,4
img_30.jpg,4
img_300.jpg,4
img_301.jpg,4
img_302.jpg,4
img_303.jpg,4
img_304.jpg,4
img_305.jpg,4
img_306.jpg,4
img_307.jpg,4
img_308.jpg,4
img_309.jpg,4
img_31.jpg,4
img_310.jpg,4
img_311.jpg,4
img_312.jpg,4
img_313.jpg,4
img_314.jpg,4
img_315.jpg,4
img_316.jpg,4
img_317.jpg,4
img_318.jpg,4
img_319.jpg,4
img_32.jpg,4
img_320.jpg,4
img_321.jpg,4
img_322.jpg,4
img_323.jpg,4
img_324.jpg,4
img_325.jpg,4
img_326.jpg,4
img_327.jpg,4
img_328.jpg,4
img_329.jpg,4
img_33.jpg,4
img_330.jpg,4
img_331.jpg,4
img_332.jpg,4
img_333.jpg,4
img_334.jpg,4
img_335.jpg,4
img_336.jpg,4
img_337.jpg,4
img_338.jpg,4
img_339.jpg,4
img_34.jpg,4
img_340.jpg,4
img_341.jpg,4
img_342.jpg,4
img_343.jpg,4
img_344.jpg,4
img_345.jpg,4
img_346.jpg,4
img_347.jpg,4
img_348.jpg,4
img_349.jpg,4
img_35.jpg,4
img_350.jpg,4
img_351.jpg,4
img_352.jpg,4
img_353.jpg,4
img_354.jpg,4
img_355.jpg,4
img_356.jpg,4
img_357.jpg,4
img_358.jpg,4
img_359.jpg,4
img_36.jpg,4
img_360.jpg,4
img_361.jpg,4
img_362.jpg,4
img_363.jpg,4
img_364.jpg,4
img_365.jpg,4
img_366.jpg,4
img_367.jpg,4
img_368.jpg,4
img_369.jpg,4
img_37.jpg,4
img_370.jpg,4
img_371.jpg,4
img_372.jpg,4
img_373.jpg,4
img_374.jpg,4
img_375.jpg,4
img_376.jpg,4
img_377.jpg,4
img_378.jpg,4
img_379.jpg,4
img_38.jpg,4
img_380.jpg,4
img_381.jpg,4
img_382.jpg,4
img_383.jpg,4
img_384.jpg,4
img_385.jpg,4
img_386.jpg,4
img_387.jpg,4
img_388.jpg,4
img_389.jpg,4
img_39.jpg,4
img_390.jpg,4
img_391.jpg,4
img_392.jpg,4
img_393.jpg,4
img_394.jpg,4
img_395.jpg,4
img_396.jpg,4
img_397.jpg,4
img_398.jpg,4
img_399.jpg,4
img_4.jpg,4
img_40.jpg,4
img_400.jpg,4
img_401.jpg,4
img_402.jpg,4
img_403.jpg,4
img_404.jpg,4
img_405.jpg,4
img_406.jpg,4
img_407.jpg,4
img_408.jpg,4
img_409.jpg,4
img_41.jpg,4
img_410.jpg,4
img_411.jpg,4
img_412.jpg,4
img_413.jpg,4
img_414.jpg,4
img_415.jpg,4
img_416.jpg,4
img_417.jpg,4
img_418.jpg,4
img_419.jpg,4
img_42.jpg,4
img_420.jpg,4
img_421.jpg,4
img_422.jpg,4
img_423.jpg,4
img_424.jpg,4
img_425.jpg,4
img_426.jpg,4
img_427.jpg,4
img_428.jpg,4
img_429.jpg,4
img_43.jpg,4
img_430.jpg,4
img_431.jpg,4
img_432.jpg,4
img_433.jpg,4
img_434.jpg,4
img_435.jpg,4
img_436.jpg,4
img_437.jpg,4
img_438.jpg,4
img_439.jpg,4
img_44.jpg,4
img_440.jpg,4
img_441.jpg,4
img_442.jpg,4
img_443.jpg,4
img_444.jpg,4
img_445.jpg,4
img_446.jpg,4
img_447.jpg,4
img_448.jpg,4
img_45.jpg,4
img_46.jpg,4
img_47.jpg,4
img_48.jpg,4
img_49.jpg,4
img_5.jpg,4
img_50.jpg,4
img_51.jpg,4
img_52.jpg,4
img_53.jpg,4
img_54.jpg,4
img_55.jpg,4
img_56.jpg,4
img_57.jpg,4
img_58.jpg,4
img_59.jpg,4
img_6.jpg,4
img_60.jpg,4
img_61.jpg,4
img_62.jpg,4
img_63.jpg,4
img_64.jpg,4
img_65.jpg,4
img_66.jpg,4
img_67.jpg,4
img_68.jpg,4
img_69.jpg,4
img_7.jpg,4
img_70.jpg,4
img_71.jpg,4
img_72.jpg,4
img_73.jpg,4
img_74.jpg,4
img_75.jpg,4
img_76.jpg,4
img_77.jpg,4
img_78.jpg,4
img_79.jpg,4
img_8.jpg,4
img_80.jpg,4
img_81.jpg,4
img_82.jpg,4
img_83.jpg,4
img_84.jpg,4
img_85.jpg,4
img_86.jpg,4
img_87.jpg,4
img_88.jpg,4
img_89.jpg,4
img_9.jpg,4
img_90.jpg,4
img_91.jpg,4
img_92.jpg,4
img_93.jpg,4
img_94.jpg,4
img_95.jpg,4
img_96.jpg,4
img_97.jpg,4
img_98.jpg,4
img_99.jpg,4
